insert into regiao values ( 1, 'Norte', 3689000 );
insert into regiao values ( 2, 'Centro', 2327000 );
insert into regiao values( 3, 'Lisboa', 504718 );
insert into regiao values( 4, 'Alentejo', 166706 );
insert into regiao values( 5, 'Algarve', 451006 );



insert into concelho values( 1, 1, 'Amarante', 11733 );
insert into concelho values( 2, 1, 'Arcos de Valdevez', 8420 );
insert into concelho values( 3, 1, 'Azurara', 19895 );
insert into concelho values( 4, 1, 'Barcelos', 6639 );
insert into concelho values( 5, 1, 'Braga', 6205 );
insert into concelho values( 55, 2, 'Arganil', 5440 );
insert into concelho values( 56, 2, 'Arouca', 8547 );
insert into concelho values( 57, 2, 'Aveiro', 10520 );
insert into concelho values( 63, 2, 'Coimbra', 12895 );
insert into concelho values( 64, 2, 'Conimbriga', 16843 );
insert into concelho values( 106, 3, 'Cascais', 12260 );
insert into concelho values( 114, 3, 'Lisboa', 6691 );
insert into concelho values( 115, 3, 'Macao', 12014 );
insert into concelho values( 133, 3, 'Torres Vedras', 13824 );
insert into concelho values( 134, 3, 'Vila Nova da Barquinha', 19407);
insert into concelho values( 147, 4, 'Mourao', 8527 );
insert into concelho values( 148, 4, 'Portalegre', 11939 );
insert into concelho values( 151, 4, 'Reguengos de Monsaraz', 17394 );
insert into concelho values( 152, 4, 'Sousel', 12441 );
insert into concelho values( 153, 4, 'Vendas Novas', 5034 );
insert into concelho values( 156, 5, 'Albufeira', 18601 );
insert into concelho values( 157, 5, 'Alcoutim', 6915 );
insert into concelho values( 182, 5, 'Vila Real de Santo Antonio', 8270 );
insert into concelho values( 183, 5, 'Tavira', 17949 );



insert into instituicao values( 'Instituicao1', 'laboratorio', 3, 134);
insert into instituicao values( 'Instituicao2', 'farmacia', 2, 56);
insert into instituicao values( 'Instituicao3', 'hospital', 1, 5);
insert into instituicao values( 'Instituicao4', 'clinica', 1, 5);
insert into instituicao values( 'Instituicao5', 'farmacia', 2, 56);
insert into instituicao values( 'Instituicao6', 'hospital', 3, 134);
insert into instituicao values( 'Instituicao7', 'hospital', 2, 56);
insert into instituicao values( 'Instituicao8', 'clinica', 4, 148);
insert into instituicao values( 'Instituicao9', 'hospital', 1, 1);
insert into instituicao values( 'Instituicao10', 'clinica', 5, 157);

insert into instituicao values( 'Instituicao11', 'farmacia', 3, 114);
insert into instituicao values( 'Instituicao12', 'farmacia', 3, 115);
insert into instituicao values( 'Instituicao13', 'farmacia', 3, 133);



insert into medico values( 1, 'Donny Simpson', 'Neuro-Radiologia');
insert into medico values( 2, 'Robert Manuel', 'Oftalmologia');
insert into medico values( 3, 'Carol Washington', 'Cardiologia');
insert into medico values( 4, 'Alan Myers', 'Cardiologia');
insert into medico values( 5, 'Mark Warfield', 'Gastrenterologia');
insert into medico values( 6, 'Danielle Koon', 'Estomatologia');
insert into medico values( 7, 'Frank Bruster', 'Neurologia');
insert into medico values( 8, 'Susan Soto', 'Pediatria');
insert into medico values( 9, 'Carlos Pontius', 'Imuno-alergologia');
insert into medico values( 10, 'Debra Phebus', 'Medicina Interna');
insert into medico values( 11, 'Otto Grady', 'Imuno-alergologia');
insert into medico values( 12, 'Kathy Johnson', 'Neuro-Radiologia');



insert into consulta values ( 3, 25, '2019-7-3', 'Instituicao5');
insert into consulta values ( 7, 6, '2019-5-1', 'Instituicao2');
insert into consulta values ( 2, 13, '2019-5-6', 'Instituicao1');
insert into consulta values ( 11, 21, '2019-1-22', 'Instituicao4');
insert into consulta values ( 9, 23, '2020-1-16', 'Instituicao8');
insert into consulta values ( 2, 6, '2019-12-11', 'Instituicao2');
insert into consulta values ( 7, 8, '2019-12-18', 'Instituicao7');
insert into consulta values ( 5, 23, '2019-12-24', 'Instituicao1');
insert into consulta values ( 3, 1, '2019-6-3', 'Instituicao5');
insert into consulta values ( 12, 9, '2019-7-8', 'Instituicao8');
insert into consulta values ( 5, 7, '2019-12-9', 'Instituicao1');
insert into consulta values ( 9, 3, '2019-4-3', 'Instituicao3');
insert into consulta values ( 2, 3, '2020-3-26', 'Instituicao6');
insert into consulta values ( 6, 13, '2019-5-27', 'Instituicao2');
insert into consulta values ( 7, 21, '2019-4-26', 'Instituicao8');
insert into consulta values ( 9, 5, '2019-3-20', 'Instituicao4');
insert into consulta values ( 1, 25, '2019-5-21', 'Instituicao9');
insert into consulta values ( 10, 4, '2019-2-18', 'Instituicao1');
insert into consulta values ( 11, 6, '2019-1-7', 'Instituicao5');
insert into consulta values ( 5, 13, '2019-6-12', 'Instituicao2');
insert into consulta values ( 12, 9, '2020-7-8', 'Instituicao7');
insert into consulta values ( 5, 7, '2020-11-9', 'Instituicao7');
insert into consulta values ( 9, 3, '2020-11-3', 'Instituicao7');
insert into consulta values ( 2, 3, '2020-11-26', 'Instituicao7');
insert into consulta values ( 6, 13, '2020-11-27', 'Instituicao7');
insert into consulta values ( 7, 21, '2020-11-27', 'Instituicao7');
insert into consulta values ( 9, 5, '2020-11-20', 'Instituicao7');
insert into consulta values ( 1, 21, '2020-11-23', 'Instituicao7');
insert into consulta values ( 7, 69, '2020-11-3', 'Instituicao7');

insert into consulta values ( 9, 51, '2020-1-14', 'Instituicao11');
insert into consulta values ( 9, 51, '2020-1-15', 'Instituicao11');
insert into consulta values ( 9, 51, '2020-2-13', 'Instituicao12');
insert into consulta values ( 9, 51, '2020-2-14', 'Instituicao12');
insert into consulta values ( 9, 51, '2020-3-17', 'Instituicao13');
insert into consulta values ( 9, 51, '2020-3-18', 'Instituicao13');

insert into consulta values ( 9, 5, '2020-1-7', 'Instituicao11');
insert into consulta values ( 9, 5, '2020-1-8', 'Instituicao11');
insert into consulta values ( 10, 6, '2020-1-14', 'Instituicao11');
insert into consulta values ( 11, 7, '2020-1-14', 'Instituicao11');
insert into consulta values ( 12, 50, '2020-1-14', 'Instituicao11');
insert into consulta values ( 9, 5, '2020-1-21', 'Instituicao11');
insert into consulta values ( 9, 5, '2020-1-28', 'Instituicao11');

insert into consulta values ( 10, 50, '2020-1-15', 'Instituicao11');
insert into consulta values ( 11, 61, '2020-1-15', 'Instituicao11');
insert into consulta values ( 12, 62, '2020-1-29', 'Instituicao11');
insert into consulta values ( 8, 63, '2020-1-22', 'Instituicao11');
insert into consulta values ( 7, 64, '2020-1-8', 'Instituicao11');

insert into consulta values ( 10, 6, '2020-1-15', 'Instituicao12');
insert into consulta values ( 11, 60, '2020-1-15', 'Instituicao12');
insert into consulta values ( 12, 6, '2020-1-29', 'Instituicao12');
insert into consulta values ( 8, 6, '2020-1-22', 'Instituicao12');
insert into consulta values ( 7, 6, '2020-1-8', 'Instituicao12');
insert into consulta values ( 7, 7, '2020-1-8', 'Instituicao12');



insert into prescricao values ( 3, 25, '2019-7-3', 'Substancia1', 9);
insert into prescricao values ( 7, 6, '2019-5-1', 'Substancia2', 10);
insert into prescricao values ( 2, 13, '2019-5-6', 'Substancia3', 4);
insert into prescricao values ( 11, 21, '2019-1-22', 'aspirina', 9);
insert into prescricao values ( 9, 23, '2020-1-16', 'Substancia5', 1);
insert into prescricao values ( 2, 6, '2019-12-11', 'Substancia6', 8);
insert into prescricao values ( 7, 8, '2019-12-18', 'Substancia7', 9);
insert into prescricao values ( 5, 23, '2019-12-24', 'Substancia8', 4);
insert into prescricao values ( 3, 1, '2019-6-3', 'Substancia9', 3);
insert into prescricao values ( 12, 9, '2019-7-8', 'Substancia10', 5);
insert into prescricao values ( 5, 7, '2019-12-9', 'aspirina', 3);
insert into prescricao values ( 9, 3, '2019-4-3', 'Substancia12', 7);
insert into prescricao values ( 2, 3, '2020-3-26', 'aspirina', 6);
insert into prescricao values ( 6, 13, '2019-5-27', 'Substancia14', 5);
insert into prescricao values ( 7, 21, '2019-4-26', 'aspirina', 9);
insert into prescricao values ( 9, 5, '2019-3-20', 'aspirina', 5);
insert into prescricao values ( 1, 25, '2019-5-21', 'Substancia17', 4); 
insert into prescricao values ( 12, 9, '2020-7-8', 'aspirina', 5);
insert into prescricao values ( 5, 7, '2020-11-9', 'aspirina', 3);
insert into prescricao values ( 9, 3, '2020-11-3', 'aspirina', 7);
insert into prescricao values ( 2, 3, '2020-11-26', 'aspirina', 6);
insert into prescricao values ( 6, 13, '2020-11-27', 'aspirina', 5);
insert into prescricao values ( 7, 21, '2020-11-27', 'aspirina', 9);
insert into prescricao values ( 9, 5, '2020-11-20', 'aspirina', 5);

insert into prescricao values ( 9, 51, '2020-1-14', 'ben-u-ron', 4);
insert into prescricao values ( 9, 51, '2020-1-15', 'brufen', 7);
insert into prescricao values ( 9, 51, '2020-2-13', 'ben-u-ron', 10);
insert into prescricao values ( 9, 51, '2020-2-14', 'brufen', 14);
insert into prescricao values ( 9, 51, '2020-3-17', 'ben-u-ron', 16);
insert into prescricao values ( 9, 51, '2020-3-18', 'brufen', 18);

insert into prescricao values ( 9, 5, '2020-1-7', 'ben-u-ron', 4);
insert into prescricao values ( 9, 5, '2020-1-8', 'ben-u-ron', 5);
insert into prescricao values ( 10, 6, '2020-1-14', 'ben-u-ron', 7);
insert into prescricao values ( 11, 7, '2020-1-14', 'ben-u-ron', 8);
insert into prescricao values ( 9, 5, '2020-1-21', 'ben-u-ron', 9);
insert into prescricao values ( 9, 5, '2020-1-28', 'ben-u-ron', 10);

insert into prescricao values ( 10, 50, '2020-1-15', 'brufen', 10);
insert into prescricao values ( 11, 60, '2020-1-15', 'brufen', 20);
insert into prescricao values ( 12, 6, '2020-1-29', 'brufen', 30);
insert into prescricao values ( 8, 6, '2020-1-22', 'brufen', 40);
insert into prescricao values ( 7, 7, '2020-1-8', 'brufen', 50);

insert into prescricao values ( 10, 6, '2020-1-15', 'brufen', 10);
insert into prescricao values ( 11, 61, '2020-1-15', 'brufen', 20);
insert into prescricao values ( 12, 62, '2020-1-29', 'brufen', 30);
insert into prescricao values ( 8, 63, '2020-1-22', 'brufen', 40);
insert into prescricao values ( 7, 64, '2020-1-8', 'brufen', 50);




insert into analise values ( 1, 'Cardiologia', 3, 25, '2019-7-3', '2019-10-22', 'Analise Glicemica', 5, 'Instituicao3');
insert into analise values ( 2, 'Neurologia', 7, 6, '2019-5-1', '2019-5-20', 'Analise Glicemica', 4, 'Instituicao2');
insert into analise values ( 3, 'Oftalmologia', 2, 13, '2019-5-6', '2019-12-27', 'Analise Glicemica', 4, 'Instituicao8');
insert into analise values ( 4, 'Imuno-alergologia', 11, 21, '2019-1-22', '2019-2-6', 'Analise Glicemica', 7, 'Instituicao4');
insert into analise values ( 5, 'Imuno-alergologia', 9, 23, '2020-1-16', '2019-8-17', 'Analise Glicemica', 4, 'Instituicao6');
insert into analise values ( 6, 'Oftalmologia', 2, 6, '2019-12-11', '2019-6-25', 'Analise Glicemica', 9, 'Instituicao9');
insert into analise values ( 7, 'Neurologia', 7, 8, '2019-12-18', '2019-7-25', 'Analise Glicemica', 4, 'Instituicao7');
insert into analise values ( 8, 'Gastrenterologia', 5, 23, '2019-12-24', '2019-11-21', 'Analise Glicemica', 6, 'Instituicao9');
insert into analise values ( 9, 'Cardiologia', 3, 1, '2019-6-3', '2019-7-2', 'Analise Glicemica', 9, 'Instituicao1');
insert into analise values ( 10, 'Neuro-Radiologia', 12, 9, '2020-7-8', '2020-4-16', 'Analise Glicemica', 10, 'Instituicao8');
insert into analise values ( 11, 'Gastrenterologia', 5, 7, '2020-11-9', '2020-9-24', 'Analise Glicemica', 6, 'Instituicao3');
insert into analise values ( 12, 'Imuno-alergologia', 9, 3, '2020-11-3', '2020-5-1', 'Analise Glicemica', 4, 'Instituicao9');
insert into analise values ( 13, 'Oftalmologia', 2, 3, '2020-11-26', '2020-8-8', 'Analise Glicemica', 10, 'Instituicao9');
insert into analise values ( 14, 'Estomatologia', 6, 13, '2020-11-27', '2020-12-30', 'Analise Glicemica', 6, 'Instituicao2');
insert into analise values ( 15, 'Neurologia', 7, 21, '2020-11-27', '2020-1-14', 'Analise Glicemica', 3, 'Instituicao8');
--insert into analise values ( 16, 'Neurologia', 7, 69, '2020-11-3', '2020-1-14', 'analise16', 3, 'Instituicao8');



insert into venda_farmacia values ( 1, '2019-4-12', 'Substancia9', 9, 8, 'Instituicao3');
insert into venda_farmacia values ( 2, '2020-10-25', 'aspirina', 5, 46, 'Instituicao2');
insert into venda_farmacia values ( 3, '2019-7-3', 'Substancia7', 1, 18, 'Instituicao1');
insert into venda_farmacia values ( 4, '2020-1-8', 'aspirina', 5, 9, 'Instituicao5');
insert into venda_farmacia values ( 5, '2020-8-11', 'Substancia12', 6, 16, 'Instituicao4');
insert into venda_farmacia values ( 6, '2019-7-29', 'Substancia14', 8, 41, 'Instituicao1');
insert into venda_farmacia values ( 7, '2020-2-28', 'Substancia8', 6, 40, 'Instituicao2');
insert into venda_farmacia values ( 8, '2019-11-23', 'Substancia7', 3, 18, 'Instituicao1');
insert into venda_farmacia values ( 9, '2020-11-19', 'Substancia9', 1, 14, 'Instituicao8');
insert into venda_farmacia values ( 10, '2019-4-14', 'aspirina', 7, 10, 'Instituicao7');
insert into venda_farmacia values ( 11, '2019-9-27', 'Substancia11', 10, 28, 'Instituicao3');
insert into venda_farmacia values ( 12, '2020-11-19', 'aspirina', 6, 25, 'Instituicao10');
insert into venda_farmacia values ( 13, '2020-11-19', 'aspirina', 10, 8, 'Instituicao5');
insert into venda_farmacia values ( 14, '2019-2-26', 'Substancia14', 4, 46, 'Instituicao1');
insert into venda_farmacia values ( 15, '2020-7-9', 'aspirina', 5, 46, 'Instituicao2');
insert into venda_farmacia values ( 16, '2020-12-10', 'aspirina', 3, 32, 'Instituicao2');
insert into venda_farmacia values ( 17, '2020-4-4', 'aspirina', 7, 46, 'Instituicao5');
insert into venda_farmacia values ( 18, '2020-3-27', 'aspirina', 6, 46, 'Instituicao2');
insert into venda_farmacia values ( 19, '2020-5-28', 'aspirina', 5, 46, 'Instituicao5');
insert into venda_farmacia values ( 20, '2020-4-28', 'aspirina', 9, 46, 'Instituicao5');
insert into venda_farmacia values ( 21, '2020-8-21', 'aspirina', 5, 46, 'Instituicao2');

insert into venda_farmacia values ( 22, '2020-5-22', 'aspirina', 4, 46, 'Instituicao11');
insert into venda_farmacia values ( 23, '2020-5-22', 'aspirina', 4, 46, 'Instituicao11');
insert into venda_farmacia values ( 24, '2020-5-22', 'aspirina', 4, 46, 'Instituicao12');
insert into venda_farmacia values ( 25, '2020-5-22', 'aspirina', 4, 46, 'Instituicao12');
insert into venda_farmacia values ( 26, '2020-5-22', 'aspirina', 4, 46, 'Instituicao13');
insert into venda_farmacia values ( 27, '2020-5-22', 'aspirina', 4, 46, 'Instituicao13');

insert into venda_farmacia values ( 28, '2020-5-22', 'aspirina', 4, 46, 'Instituicao11');
insert into venda_farmacia values ( 29, '2020-5-22', 'aspirina', 4, 46, 'Instituicao11');
insert into venda_farmacia values ( 30, '2020-5-22', 'aspirina', 4, 46, 'Instituicao12');
insert into venda_farmacia values ( 31, '2020-5-22', 'aspirina', 4, 46, 'Instituicao12');
insert into venda_farmacia values ( 32, '2020-5-22', 'aspirina', 4, 46, 'Instituicao13');
insert into venda_farmacia values ( 33, '2020-5-22', 'aspirina', 4, 46, 'Instituicao13');

insert into venda_farmacia values ( 34, '2020-5-22', 'aspirina', 4, 46, 'Instituicao11');
insert into venda_farmacia values ( 35, '2020-5-22', 'aspirina', 4, 46, 'Instituicao11');
insert into venda_farmacia values ( 36, '2020-5-22', 'aspirina', 4, 46, 'Instituicao12');
insert into venda_farmacia values ( 37, '2020-5-22', 'aspirina', 4, 46, 'Instituicao12');
insert into venda_farmacia values ( 38, '2020-5-22', 'aspirina', 4, 46, 'Instituicao13');
insert into venda_farmacia values ( 39, '2020-5-22', 'aspirina', 4, 46, 'Instituicao13');

insert into venda_farmacia values ( 40, '2020-5-22', 'aspirina', 4, 46, 'Instituicao11');
insert into venda_farmacia values ( 41, '2020-5-22', 'aspirina', 4, 46, 'Instituicao11');
insert into venda_farmacia values ( 42, '2020-5-22', 'aspirina', 4, 46, 'Instituicao12');
insert into venda_farmacia values ( 43, '2020-5-22', 'aspirina', 4, 46, 'Instituicao12');
insert into venda_farmacia values ( 44, '2020-5-22', 'aspirina', 4, 46, 'Instituicao13');
insert into venda_farmacia values ( 45, '2020-5-22', 'aspirina', 4, 46, 'Instituicao13');



insert into prescricao_venda values ( 11, 21, '2019-1-22', 'aspirina', 1);
insert into prescricao_venda values ( 9, 23, '2020-1-16', 'Substancia5', 2);
insert into prescricao_venda values ( 2, 6, '2019-12-11', 'Substancia6',3);
insert into prescricao_venda values ( 7, 8, '2019-12-18', 'Substancia7', 4);
insert into prescricao_venda values ( 5, 23, '2019-12-24', 'Substancia8', 5);
insert into prescricao_venda values ( 3, 1, '2019-6-3', 'Substancia9', 6);
insert into prescricao_venda values ( 12, 9, '2019-7-8', 'Substancia10', 7);
insert into prescricao_venda values ( 5, 7, '2019-12-9', 'aspirina', 8);
insert into prescricao_venda values ( 9, 3, '2019-4-3', 'Substancia12', 9);
insert into prescricao_venda values ( 2, 3, '2020-3-26', 'aspirina', 10);
insert into prescricao_venda values ( 6, 13, '2019-5-27', 'Substancia14', 11);
insert into prescricao_venda values ( 7, 21, '2019-4-26', 'aspirina', 12);
insert into prescricao_venda values ( 9, 5, '2019-3-20', 'aspirina', 13);
insert into prescricao_venda values ( 1, 25, '2019-5-21', 'Substancia17', 14);
insert into prescricao_venda values ( 1, 25, '2019-5-21', 'Substancia17', 15);
insert into prescricao_venda values ( 12, 9, '2020-7-8', 'aspirina', 16);
insert into prescricao_venda values ( 9, 3, '2020-11-3', 'aspirina', 17);
insert into prescricao_venda values ( 2, 3, '2020-11-26', 'aspirina', 18);
insert into prescricao_venda values ( 6, 13, '2020-11-27', 'aspirina', 19);
insert into prescricao_venda values ( 7, 21, '2020-11-27', 'aspirina', 20);
insert into prescricao_venda values ( 9, 5, '2020-11-20', 'aspirina', 21);

insert into prescricao_venda values ( 9, 51, '2020-1-14', 'ben-u-ron', 22);
insert into prescricao_venda values ( 9, 51, '2020-1-15', 'brufen', 23);
insert into prescricao_venda values ( 9, 51, '2020-2-13', 'ben-u-ron', 24);
insert into prescricao_venda values ( 9, 51, '2020-2-14', 'brufen', 25);
insert into prescricao_venda values ( 9, 51, '2020-3-17', 'ben-u-ron', 26);
insert into prescricao_venda values ( 9, 51, '2020-3-18', 'brufen', 27);

insert into prescricao_venda values ( 9, 5, '2020-1-7', 'ben-u-ron', 28);
insert into prescricao_venda values ( 9, 5, '2020-1-8', 'ben-u-ron', 29);
insert into prescricao_venda values ( 10, 6, '2020-1-14', 'ben-u-ron', 31);
insert into prescricao_venda values ( 11, 7, '2020-1-14', 'ben-u-ron', 32);
insert into prescricao_venda values ( 9, 5, '2020-1-21', 'ben-u-ron', 33);
insert into prescricao_venda values ( 9, 5, '2020-1-28', 'ben-u-ron', 34);

insert into prescricao_venda values ( 10, 50, '2020-1-15', 'brufen', 35);
insert into prescricao_venda values ( 11, 60, '2020-1-15', 'brufen', 36);
insert into prescricao_venda values ( 12, 6, '2020-1-29', 'brufen', 37);
insert into prescricao_venda values ( 8, 6, '2020-1-22', 'brufen', 38);
insert into prescricao_venda values ( 7, 7, '2020-1-8', 'brufen', 39);

insert into prescricao_venda values ( 10, 6, '2020-1-15', 'brufen', 40);
insert into prescricao_venda values ( 11, 61, '2020-1-15', 'brufen', 41);
insert into prescricao_venda values ( 12, 62, '2020-1-29', 'brufen', 42);
insert into prescricao_venda values ( 8, 63, '2020-1-22', 'brufen', 43);
insert into prescricao_venda values ( 7, 64, '2020-1-8', 'brufen', 44);
